nombre;tipo
TIERRA PROPIA;COLONIA
VALLE SOLEADO;COLONIA
21 DE ENERO;COLONIA
SIERRA MORENA;COLONIA
NUEVO SAN RAFAEL;COLONIA
SANTA ISABEL;COLONIA
VIVIENDA POPULAR;COLONIA
LOS FAISANES;COLONIA
CONTRY SOL;COLONIA
POLANCO;COLONIA
LOMAS DE SAN MIGUEL;COLONIA
EXPOSICION;COLONIA
LOS CRISTALES;COLONIA
RINCON DEL CONTRY;COLONIA
13 DE MAYO;COLONIA
JARDINES DEL RIO;COLONIA
EL RANCHITO;COLONIA
SANTA MARIA;COLONIA
COLIBRI;COLONIA
ZERTUCHE;COLONIA
BENITO JUAREZ;COLONIA
LOS LERMAS;COLONIA
LA FLORESTA;COLONIA
DOS RIOS;COLONIA
SAN RAFAEL;COLONIA
TRES CAMINOS;COLONIA
NUEVO SAN SEBASTIAN;COLONIA
20 DE NOVIEMBRE;COLONIA
JOSE MARIA MORELOS;COLONIA
CONTRY LA SILLA;COLONIA
EL SABINO;COLONIA
FAISAN DORADO;COLONIA
ESTACIONAMIENTO SAMS CLUB;COLONIA
TORRES DE LINDA VISTA;COLONIA
PARAQUE INDUSTRIAL KALOS;COLONIA
XOCHIMILCO;COLONIA
LA ZOZAYA;COLONIA
SANTA CLARA;COLONIA
CENTRO DE GUADALUPE;COLONIA
PARQUE IND. DENSO;COLONIA
CAMINO REAL;COLONIA
CONTRY;COLONIA
SAN SEBASTIAN;COLONIA
CERRO AZUL;COLONIA
SANTA CRUZ;COLONIA
RINCON DE GUADALUPE;COLONIA
INDEPENDIENTES;COLONIA
JARDINES DE SAN MIGUEL;COLONIA
INF. LA JOYA;COLONIA
CONDESA;COLONIA
JARDINES DE SAN RAFAEL;COLONIA
AZTECA;COLONIA
FUENTES DE GUADALUPE;COLONIA
LA JOYITA;COLONIA
JARDINES DE SANTA CLARA;COLONIA
CHULA VISTA;COLONIA
RINCON DE LA PRIMAVERA;COLONIA
PRIV. SAN MIGUEL;PRIVADA
LA PASTORA;COLONIA
HIDALGO;COLONIA
LINDA VISTA;COLONIA
JARDINES DE ANDALUCIA;COLONIA
ALAMEDA DE LA HACIENDA;COLONIA
NUEVO SANTA MARIA;COLONIA
NUEVO SAN MIGUEL;COLONIA
HDA. LA SILLA;COLONIA
VILLA OLIMPICA;COLONIA
LA PLAYA;COLONIA
BOSQUES DEL CONTRY;COLONIA
ARBOLEDAS DE LA HDA.;COLONIA
RIBERAS DEL RIO;COLONIA
LAS FLORES;COLONIA
NUEVA LINDA VISTA;COLONIA
CANTERAS;COLONIA
LA JOYA;COLONIA
BOSQUES DEL SOL;COLONIA
COAHUILA;COLONIA
18 DE MARZO;COLONIA
BELLO AMANECER;COLONIA
RINCON DE LA SIERRA;COLONIA
LA HERRADURA;COLONIA
AMERICA OBRERA;COLONIA
LA VICTORIA;COLONIA
LAS HUERTAS;COLONIA
PARAISO;COLONIA
INSURGENTES;COLONIA
NUEVO LEON;COLONIA
VILLAS DEL RIO;COLONIA
EVOLUCION;COLONIA
ARBOLEDAS DE SANTA LUCIA;COLONIA
VALLE DE SAN ROQUE;COLONIA
RAFAEL RAMIREZ;COLONIA
VALLES DE LINDA VISTA;COLONIA
LIBERTAD;COLONIA
IGNACIO ZARAGOZA;COLONIA
PRIV. MASAI;PRIVADA
ARBOLEDAS DEL ORIENTE;COLONIA
PUESTA DEL SOL;COLONIA
NUEVA EXPOSICION;COLONIA
RIVERAS DE LA SILLA;COLONIA
FOMERREY 7;COLONIA
GUADALUPE VICTORIA;COLONIA
COLLADOS DE GUADALUPE;COLONIA
BOSQUES DE LA PASTORA;COLONIA
FRACC. MISION DE LA SILLA;FRACCIONAMIENTO
PROVIVIENDA GUADALUPE;COLONIA
ACAPULCO;COLONIA
TOLTECA;COLONIA
RIVERAS DE LA PURISIMA;COLONIA
ISRAEL CAVAZOS;COLONIA
VALLE DEL CONTRY;COLONIA
VALLE DE LAS FLORES;COLONIA
BOSQUES DE SAN MIGUEL;COLONIA
VALLE DE LA SILLA;COLONIA
PARQUE INDUSTRIAL;COLONIA
VISTA SOL;COLONIA
RES. LAS QUINTAS;COLONIA
LA ROCA;COLONIA
MIXCOAC;COLONIA
S.C.T;COLONIA
VICENTE GUERRERO;COLONIA
FELIPE ANGELES;COLONIA
PARQUE IND. LA SILLA;COLONIA
VALLE HERMOSO;COLONIA
AGUA NUEVA;COLONIA
31 DE DICIEMBRE;COLONIA
VILLA DE SAN MIGUEL;COLONIA
ELOY CAVAZOS;COLONIA
HERCULES;COLONIA
GUERRA;COLONIA
GUADALUPE CHAVEZ;COLONIA
FRACC. AZTECA;FRACCIONAMIENTO
CENTRAL DE CARGA;COLONIA
HACIENDA SAN MIGUEL;COLONIA
TAMAULIPAS;COLONIA
RANCHO VIEJO;COLONIA
SANTA ROSA DE LIMA;COLONIA
LA FUENTE;COLONIA
LAS SABINITAS;COLONIA
FRACC. LA JOYITA;FRACCIONAMIENTO
TRINIDAD DE LA GARZA;COLONIA
RES. SANTA FE;COLONIA
VILLA DE SAN ANTONIO;COLONIA
LAS AVENIDAS;COLONIA
ADOLFO PRIETO;COLONIA
CORTIJO LA SILLA;COLONIA
LAS AGUILAS;COLONIA
FRACC. ACAPULCO;FRACCIONAMIENTO
LOS ANGELES;COLONIA
LA SILLA;COLONIA
UNIDAD MODELO;COLONIA
RES. SANTA MARIA;COLONIA
ROBLE SANTA MARIA;COLONIA
FUENTE DE SAN MIGUEL;COLONIA
FRACC. HERCULES;FRACCIONAMIENTO
GUILLERMO PRIETO;COLONIA
ARBOLEDAS DE LA SILLA;COLONIA
FTE. TEC MILENIO;COLONIA
ESCAMILLA;COLONIA
POLICIA AUXILIAR;COLONIA
LA BARCA;COLONIA
HACIENDA LA SILLA;COLONIA
VALLES DE GUADALUPE;COLONIA
RIBERAS DE LINDA VISTA;COLONIA
FOMERREY 18;COLONIA
JARDINES DE LINDA VISTA;COLONIA
VILLAS DE SAN ANTONIO;COLONIA
LAS QUINTAS;COLONIA
VILLAS DE SAN MIGUEL;COLONIA
PARQUE GUADALUPE;COLONIA
FOMERREY 20;COLONIA
VALLES DEL SOL;COLONIA
VALLES DE LA SILLA;COLONIA
FRACC. LAS TERRASSAS;FRACCIONAMIENTO
FATIMA;COLONIA
PORTALES LA SILLA;COLONIA
PASEO SAN MIGUEL;COLONIA
JOSEFA ZOZAYA;COLONIA
JARDINES DE GUADALUPE;COLONIA
PASEO DE GUADALUPE;COLONIA
2 DE MAYO;COLONIA
LOMAS DE TOLTECA;COLONIA
LA LIBERTAD;COLONIA
BALCONES DE SAN MIGUEL;COLONIA
SAN EDUARDO;COLONIA
ACUEDUCTO;COLONIA
ALMAGUER;COLONIA
PRIV. DEL CONTRY;PRIVADA
FUENTE DE COBRE;COLONIA
NUEVA ANDORA;COLONIA
LA HACIENDA;COLONIA
PASEO DEL ACUEDUCTO;COLONIA
FOMERREY 3;COLONIA
PRADERAS DE GPE.;COLONIA
GRANJITAS LA SILLA;COLONIA
LOMAS DE LA SILLA;COLONIA
PRIVADAS DEL CONTRY;PRIVADA
ESMERALDA;COLONIA
TACUBAYA;COLONIA
LA PURISIMA;COLONIA
ALAMEDAS DE LA HACIENDA;COLONIA
FOVISSTE CAMINO REAL;COLONIA
LA ROSITA;COLONIA
LOMAS DE SAN ROQU;COLONIA
REAL DE SAN MIGUEL;COLONIA
LAS SABINAS;COLONIA
LA CONDESA;COLONIA
NUEVA LIBERTAD;COLONIA
DEL RIO;COLONIA
PEDREGAL DE LINDA VISTA;COLONIA
S.C.O.P;COLONIA
LOS DELFINES;COLONIA
TORRES DE SAN MIGUEL;COLONIA
PRIV. LINDA VISTA;PRIVADA
MIRASOL;COLONIA
CARMEN SERDAN;COLONIA
29 DE JULIO;COLONIA
SAN MIGUEL;COLONIA
JOS MARIA MORELOS;COLONIA
SANTA ELENA;COLONIA
FRACC. LAS VILLAS;FRACCIONAMIENTO
LAS TORRES;COLONIA
ALAMAEDAS DE LA HDA.;COLONIA
VALLE DE LINDA VISTA;COLONIA
FRACC. SANTA FE;FRACCIONAMIENTO
VAQUERIAS;COLONIA
CAMPESTRE LA SILLA;COLONIA
FRACC. EL PENON;FRACCIONAMIENTO
LOMAS DEL REY;COLONIA
ZITOON GUADALUPE;COLONIA
VALLES DE SAN MIGUEL;COLONIA
UNIDAD PILOTO;COLONIA
ARBOLES DE CORREGIDORA;COLONIA
CERRADAS DE LINDA VISTA;COLONIA
ROBLE DE SANTA MARIA;COLONIA
CAMPESTRE;COLONIA
10 DE MAYO;COLONIA
RES. AZTECA;COLONIA
LA QUINTA;COLONIA
HDA. SAN MIGUEL;COLONIA
RIBERAS DE LA PURISIMA;COLONIA
BOSQUES DEL ORIENTE;COLONIA
MIRADOR DE LA SILLA;COLONIA
PARQUE NEXXUS;COLONIA
VICTORIA;COLONIA
ARBOLEDAS DE SANTA CECILIA;COLONIA
QUETZAL;COLONIA
CERRO DE LA SILLA;COLONIA
HDA. SAN SEBASTIAN;COLONIA
VALLES DE CHAPULTEPEC;COLONIA
PRIV. LA PURISIMA;PRIVADA
ZOZAYA;COLONIA
MILENIUM;COLONIA
PRIV. PURISIMA;PRIVADA
VALLE DE LAS SABINAS;COLONIA
NUEVO MILENIO;COLONIA
MARINOS DEL REY;COLONIA
CUESTA VERDE;COLONIA
CHINAMECA;COLONIA
VALLE DEL SOL;COLONIA
RES. CERRO DE LA SILLA;COLONIA
PROVIVIENDA;COLONIA
PASEO DE SAN MIGUEL;COLONIA
FRACC. REAL SAN MIGUEL;FRACCIONAMIENTO
PARQUE IND. KALOS;COLONIA
EDUARDO CABALLERO;COLONIA
MARTE;COLONIA
HACIENDA DE GPE.;COLONIA
EL POZO;COLONIA
RIBERAS DEL RO;COLONIA
SIN NOMBRE;COLONIA
SAUSE;COLONIA
ALAMEDAS DE LA HDA.;COLONIA
ARBOLEDAS DE NUEVA LINDA VISTA;COLONIA
FRACC. SANTA MARGARITA;FRACCIONAMIENTO
LAS VILLAS;COLONIA
RIO;COLONIA
FRESNOS LA SILLA;COLONIA
JARDINES DE NUEVA LINDA VISTA;COLONIA
SAN DIEGO;COLONIA
INF. LOS INSURGENTES;COLONIA
FTE. COCA COLA;COLONIA
PARQUES DE GUADALUPE;COLONIA
INDUSTRIAL LA SILLA;COLONIA
LA HUERTA;COLONIA
FOMERREY 19;COLONIA
PAJAROS AZULES;COLONIA
MOLINETE;COLONIA
CNOP;COLONIA
HERRADURA;COLONIA
RIVERAS DE LINDA VISTA;COLONIA
ROSITA;COLONIA
LA LUZ;COLONIA
30 DE SEPTIEMBRE;COLONIA
LOS ENCINOS;COLONIA
RESIDENCIAL AZTECA;COLONIA
MISION DEL VALLE;COLONIA
RESIDENCIAL GUADALUPE;COLONIA
CARMON SERDAN;COLONIA
RIVERAS DE GUADALUPE;COLONIA
MIXCOA;COLONIA
7 COLINAS;COLONIA
NUEVA AURORA;COLONIA
SANTA MARGARITA;COLONIA
DIECIOCHO DE MARZO;COLONIA
LAS MARGARITAS;COLONIA
DEL MAESTRO;COLONIA
RESIDENCIAL ACACIA;COLONIA
CONTRY LOS ENCINOS;COLONIA
NUEVA ALMAGUER;COLONIA
ZARAGOZA;COLONIA
MIGUEL HIDALGO;COLONIA
ARAGON;COLONIA
ORIZABA;COLONIA
CUAUHTEMOC;COLONIA
LERMAS;COLONIA
ARBOLEDAS DE CORREGIDORA;COLONIA
PARAJOS AZULES;COLONIA
LAZARO CARDENAS;COLONIA
MISION SANTA FE;COLONIA
FAISANES DORADO;COLONIA
RANCHITO;COLONIA
PRIV. VILLAS DEL RIO;COLONIA
MOLINOS DEL REY;COLONIA
2 DE JUNIO;COLONIA
JARDINES DE SANTA LUCIA;COLONIA
RIVERAS DEL RIO;COLONIA
DIVISION DEL NORTE;COLONIA
UNION MODELO;COLONIA
JARDINES DE LA SILLA;COLONIA
FUENTES DE SAN MIGUEL;COLONIA
VILLA SAN MIGUEL;COLONIA
FOMERREY 31;COLONIA
EL PROGRESO;COLONIA
REAL DE MINAS;COLONIA
MISION DE LA SILLA;COLONIA
SIETE COLINAS;COLONIA
GALAXIA;COLONIA
LEON XIII;COLONIA
PRIV. MASSAI;COLONIA
LAS NORIAS;COLONIA
ARBOLEDAS SANTA CECILIA;COLONIA
LOMAS DE SAN ROQUE;COLONIA
RAFAEL DE LA ROCA;COLONIA
PARQUE KALOS;COLONIA
NUEVO ALMAGUER;COLONIA
RINCON DE AZTECA;COLONIA
RIBERAS DE LA SILLA;COLONIA
PROVIVIENDA DE GUADALUPE;COLONIA
VISTAS SOL;COLONIA
REAL DE CAMINOS;COLONIA
JARDINES DE XOCHIMILCO;COLONIA
S.C.T.;COLONIA
INDUSTRIA LA SILLA;COLONIA
PASEO AMBERES;COLONIA
ALBERTO JUAREZ;COLONIA
MIGUEL ALEMAN;COLONIA
NORIA;COLONIA
RUIZ CORTINEZ;COLONIA
BRAVO;COLONIA
BLV. MIGUEL DE LA MADRID;COLONIA
MORONES PRIETO;COLONIA
HACIENDA LOS NARANJOS;COLONIA
PABLO LIVAS;COLONIA
HIERRO;COLONIA
AV CHAPULTEPEC;COLONIA
PLUTARCO E. CALLES;COLONIA
LOPEZ MATEOS;COLONIA
PASEO LAS AMERICAS;COLONIA
CARRETERRA A DULCE NOMBRES;COLONIA
CERRO AMAPOLA;COLONIA
MATIAS CASAS;COLONIA
LAS AMERICAS;COLONIA
AMERICAS;COLONIA
CHAPULTEPEC;COLONIA
VALLE DE MARCELA;COLONIA
PASEO DEL VALLE;COLONIA
AV ADOLFO LOPEZ MATEOS;COLONIA
PUERTO GUAYMAS;COLONIA
DALIA;COLONIA
MARIA VALDEZ;COLONIA
GUERRERO;COLONIA
BONIFACIOS SALINAS;COLONIA
REYNOSA;COLONIA
PEDRO ASCENCIO;COLONIA
GUADALAJARA;COLONIA
ALFONSO REYES;COLONIA
FEDERALISMO;COLONIA
MAESTRO ISRAEL CAVAZOS;COLONIA
ARTURO B. DE LA GARZA;COLONIA
SANTA ANITA;COLONIA
NAHUA;COLONIA
RIO TRINIDAD;COLONIA
MARGARITA;COLONIA
DULCES NOMBRES;COLONIA
DIA DEL EMPRESARIO;COLONIA
CTO. DE LAS QUINTAS;COLONIA
COMANCHE;COLONIA
JUAREZ BLANCAS;COLONIA
GERANIO;COLONIA
SAN PEDRO;COLONIA
HIERBABUENA;COLONIA
COBERTIZO;COLONIA
BARBADILLO;COLONIA
TAURO;COLONIA
AV LOPEZ MATEOS;COLONIA
TRIUNFO DE LA REPUBLICA;COLONIA
AV RUIZ CORTINEZ;COLONIA
12 DE OCTUBRE;COLONIA
MANANTIAL AGUA VERDE;COLONIA
AV AZTECA;COLONIA
BORANI;COLONIA
AV ELOY CAVAZOS;COLONIA
PASEO DE LAS AMERICAS;COLONIA
MELCHOR OCAMPO;COLONIA
CARRETERA DULCES NOMBRES;COLONIA
AV BENITO JUAREZ;COLONIA
RIO DE LA PLATA;COLONIA
VALLE GRANDE;COLONIA
RIBERA;COLONIA
CHIHUAHUA;COLONIA
LOMA REDONDA;COLONIA
CORAL;COLONIA
MARIANO ESCOBEDO;COLONIA
DEL LINDERO;COLONIA
SANTA CATARINA;COLONIA
ARTEAGA;COLONIA
COLON;COLONIA
CARRETERA APODACA JUAREZ;COLONIA
JUAN ZUAZUA;COLONIA
SANTA MARTHA;COLONIA
ENREDADERA;COLONIA
CAMINO A LAS ESCOBAS;COLONIA
SIERRA MAURICIO;COLONIA
REBOSO;COLONIA
BACUN;COLONIA
FRANCISCO VILL;COLONIA
RIO BRAVO;COLONIA
CIRQUITO LAS QUINTAS;COLONIA
EL REALITO;COLONIA
OLMECA;COLONIA
ADOLFO LOPEZ MATEOS;COLONIA
NUEVA;COLONIA
LOMAS DE GUADALUPE;COLONIA
SAN PABLO;COLONIA
EL MANZANO;COLONIA
BONIFACIO SALINAS;COLONIA
SOLIDARIDAD;COLONIA
MARIA MARTINEZ;COLONIA
TENOCHTITLAN;COLONIA
CONSTITUCION;COLONIA
ANILLO VIAL;COLONIA
VICTOR ROSALES;COLONIA
PROFA. MARIANA GARZA;COLONIA
OCAMPO;COLONIA
PROLONGACION RUIZ CORTINEZ;COLONIA
FIMSA;COLONIA
CALLE NUEVA;COLONIA
JOSE ARRESE;COLONIA
SAN MARCELO;COLONIA
VERDUZCO;COLONIA
LERDO DE TEJADA;COLONIA
VISTA GRANDE;COLONIA
RIO PAPALOAPAN;COLONIA
TIXTLAN;COLONIA
UNO;COLONIA
URANIO;COLONIA
CHINACOS;COLONIA
AZAFRAN;COLONIA
LIDO;COLONIA
GOMEZ FARIAS;COLONIA
HACIENDA SANTA SOFIA;COLONIA
ANTONIO;COLONIA
NEWTON;COLONIA
DINAMARCA;COLONIA
COPERNICO;COLONIA
ONIX;COLONIA
GUADALUPE;COLONIA
IHLSA;COLONIA
ALUMINIO;COLONIA
SAN JUAN DE LOS LAGOS;COLONIA
ALVARO OBREGON;COLONIA
TEPETONGO;COLONIA
HYLSA;COLONIA
FUERTE GUADALUPE;COLONIA
JARDIN DE LAS AZUCENAS;COLONIA
EMILIANO ZAPATA;COLONIA
ANILLO PERIFERICO;COLONIA
JOSE OVALLE;COLONIA
AMERICA DEL NORTE;COLONIA
NEMECIO GARCIA NARANJO;COLONIA
FEDERICO GOMEZ GARCIA;COLONIA
BORJA;COLONIA
JARDINES DE MUERDAGO;COLONIA
EMILIANO CARRANZA;COLONIA
24 DE FEBRERO;COLONIA
ARANDAS;COLONIA
QUINTANA ROO;COLONIA
MANZANAS;COLONIA
VILLA FRANCA;COLONIA
LARGA VISTA;COLONIA
ZAFIRO;COLONIA
2DA. AVENIDA;COLONIA
VISTA VERDE;COLONIA
CEIBU;COLONIA
VENUS;COLONIA
MIRAVALLE;COLONIA
VLLE SONORA;COLONIA
BLV. ACAPULCO;COLONIA
DEL BOSQUE;COLONIA
ALFONSO ZAMORA;COLONIA
DEL TORREON;COLONIA
RIO GRANDE;COLONIA
CANARIO;COLONIA
TULIPAN;COLONIA
CUERNAVACA;COLONIA
CENTRO GUADALUPE;COLONIA
FRANCISCO MARQUEZ;COLONIA
VIOLETA;COLONIA
CERRO DE LAS MITRAS;COLONIA
DE LA PILASTRA;COLONIA
FRANCISCO MENDOZA;COLONIA
AV. PABLO LIVAS;COLONIA
IRLANDA;COLONIA
CAMINO A VAQUERIAS;COLONIA
SIERRA DE LAMPAZOS;COLONIA
INCA;COLONIA
MONTERREY;COLONIA
LOMA SOLEADA;COLONIA
NORIA DE LOS ANGELES;COLONIA
7 DE JULIO;COLONIA
SIERRA DE AGUASCALIENTES;COLONIA
COLOTLAN;COLONIA
OLEODUCTO;COLONIA
RINCON DEL TEPEYAC;COLONIA
ISLAS MUJERES;COLONIA
MONTE ESCOBEDO;COLONIA
TIXTLA;COLONIA
AJONJOLI;COLONIA
CASTILLA;COLONIA
JARINES DE LA SILLA;COLONIA
MODESTO ALANIS;COLONIA
LACANDON;COLONIA
ESTADO DE ZACATECAS;COLONIA
ATLAS;COLONIA
FRANCISCO;COLONIA
FELIX ESCAMILLA;COLONIA
EL SALERO;COLONIA
AURORA BOREAL;COLONIA
DE LAS PALMAS;COLONIA
PLUTARCO ELIAS CALLES;COLONIA
TEQUILA;COLONIA
LOMA BONITA;COLONIA
POZA RICA;COLONIA
URANEO;COLONIA
RUFINO TAMAYO;COLONIA
VALPARAISO;COLONIA
JARDINES DE LAS MISIONES;COLONIA
PLAN DE SAN LUIS;COLONIA
RINCON DE LA TIERRA;COLONIA
ROBLE;COLONIA
TORRE DE MARFIL;COLONIA
ARBOLEDAS DE ACAPULCO;COLONIA
DEL GAVILLERO;COLONIA
MAGNA VISTA;COLONIA
RIO MARCELA;COLONIA
PLEAMAR;COLONIA
EUGENIO NEILL;COLONIA
NEPTURNO;COLONIA
VALLE ALEGRE;COLONIA
CRISTOBAL COLON;COLONIA
CENTRAL;COLONIA
MARIA MELINA;COLONIA
LINDERO;COLONIA
MORONES PRIETOS;COLONIA
AV GUADALAJARA;COLONIA
AGUA AZUL;COLONIA
JAZMIN;COLONIA
ROCIO;COLONIA
RANCHO SECO;COLONIA
CONSTITUYENTES DE N.L.;COLONIA
JOSE MA. ARTEAGA;COLONIA
HUASTECA;COLONIA
VALLE DEL CARMEN;COLONIA
GIRASOL;COLONIA
JUVENTINO ROSAS;COLONIA
CORREGIDORA;COLONIA
RINCON DE LA LLUVIA;COLONIA
MATANCILLAS;COLONIA
FAISAN FELIX;COLONIA
GORRION;COLONIA
TLAXCALTECA;COLONIA
MATAMOROS;COLONIA
ZACATECAS;COLONIA
JOSE MARTI;COLONIA
ARTURO DE LA GARZA;COLONIA
JOSE SIXTO VERDUZCO;COLONIA
DEUTRIGO;COLONIA
MERCADO DE ABASTOS;COLONIA
JOAN GUZMAN;COLONIA
LIRIOS;COLONIA
MONCLOVA;COLONIA
PUERTO AIRE;COLONIA
TRINIDAD DE LA GARZA MELO;COLONIA
JOSE MA. LUIS MORA;COLONIA
INDEPENDENCIA;COLONIA
LORETO;COLONIA
ALCATRAZ;COLONIA
PAPALOAPAN;COLONIA
FEDERICO GOMEZ;COLONIA
MIGUE ALEMAN;COLONIA
VALLE DE SONORA;COLONIA
ZANJA;COLONIA
VICENTE VANGOG;COLONIA
PILASTRA;COLONIA
PRIVA. MASCOTA;COLONIA
SUIZAS;COLONIA
CARRETERA APODACA;COLONIA
VALLE FERTIL;COLONIA
TERCERA;COLONIA
JARDINES DE MARBELLA;COLONIA
LOTO;COLONIA
GERMAN ALMAZAN;COLONIA
OCEANO PACIFICO;COLONIA
VERACRUZ;COLONIA
PLAN DE AYALA;COLONIA
RIO SAN JUAN;COLONIA
PRIMERA DE MAYO;COLONIA
VALLADOLIT;COLONIA
12 DE ABRIL;COLONIA
FRESNO;COLONIA
GEA;COLONIA
FRANCISCO SARABIA;COLONIA
JUAN CERVANTES;COLONIA
MALINALCO;COLONIA
VALLE DE GUADALAJARA;COLONIA
PUERTO DEL VALLE;COLONIA
AV FINSA;COLONIA
LA VILLA;COLONIA
AV XOCHIMILCO;COLONIA
AGUSTIN MELGAR;COLONIA
ANGEL FARIAS;COLONIA
SIERRA DE GUADALUPE;COLONIA
VALLE DE SAN RAFAEL;COLONIA
GUSTAVO DIAZ ORDAZ;COLONIA
FOME 20;COLONIA
FRACC. CERRO DE LA SILLA;FRACCIONAMIENTO
FOME 19;COLONIA
PRADERAS DE GUADALUPE;COLONIA
ROSALINDA;COLONIA
INF. BENITO JUAREZ;COLONIA
RINCON DE LA HACIENDA;COLONIA
MARGARITAS;COLONIA
JARDINES DE LA PASTORA;COLONIA
VALLE REAL;COLONIA
PASEO DE GPE.;COLONIA
PRIV. SAN CARLOS;PRIVADA
PRIV. REYNOSA;PRIVADA
CERRA DE LINDA VISTA;COLONIA
NUEVA SANTA MARIA;COLONIA
JOSE LUIS MORA;COLONIA
BUENOS AIRES;COLONIA
EL MAESTRO;COLONIA
MARIA MORELOS Y PAV?N;COLONIA
PEDREGAL DE GUADALUPE;COLONIA
23 DE NOVIEMBRE;COLONIA
FCO. GARZA SADA;COLONIA
RES. MINERVA;COLONIA
BUROCRATAS MUNICIPALES;COLONIA
15 DE MAYO;COLONIA
BOSQUES DE GUADALUPE;COLONIA
ZOZAYITA;COLONIA
FRACC. 15 DE MAYO;FRACCIONAMIENTO
25 DE NOVIEMBRE;COLONIA
MARSELLA RESIDENCIAL;COLONIA
HACIENDA DE GUADALUPE;COLONIA
FONTANA RESIDENCIAL;COLONIA
FAISAN EL DORADO;COLONIA
EDUARDO ESCAMILLA;COLONIA
CONDOCASA;COLONIA
LA COMEDIA;COLONIA
ARBOLEDAS DE SAN MIGUEL;COLONIA
VALLE DE TORREMOLINO;COLONIA
LOS SAUCES;COLONIA
VALLE DE CHAPULTEPEC;COLONIA
PASEO DE LAS FLORES;COLONIA
GARZA MELO;COLONIA
BOSQUES DEL REY;COLONIA
VALLES DE SAN ROQUE;COLONIA
RESIDENCIAL;COLONIA
INFONAVIT LA JOYA;COLONIA
COLONIAL SAN MIGUEL;COLONIA
VALLE DE LA LUNA;COLONIA
ARBOLEDAS DELA SILLA;COLONIA
RIO LA SILLA;COLONIA
LA ESCAMILLA;COLONIA
ARBOLEDAS DE SANTA CRUZ;COLONIA
TRANSMETRO;COLONIA
LAS DALIAS;COLONIA
CAMPESTRES DE LA SILL;COLONIA
MOLINO DEL REY;COLONIA
CENTRO AMERICA;COLONIA
FRACC. PRIV. MASAI;FRACCIONAMIENTO
LITOON GUADALUPE;COLONIA
FOMERREY 8;COLONIA
JOSEFA SOSAYA;COLONIA
LAS FUENTES;COLONIA
CERRADAS DE CONTRY;COLONIA
LOLYTA;COLONIA
DOS DE MAYO;COLONIA
GLORIA MENDIOLA;COLONIA
VALLES DE SAN RAFAEL;COLONIA
PARQUES INDUSTRIAL LA SILLA;COLONIA
FIDEL VELAZQUEZ;COLONIA
TRES GUERRAS;COLONIA
RINCON DE LOS SABINOS;COLONIA
MISION SANTA CRUZ;COLONIA
SCOP;COLONIA
RAYMUNDO ALMAGUER;COLONIA
FRANCISCO VILLA;COLONIA
HACIENDA SAN SEBASTIAN;COLONIA
BOSQUE DE LA PASTORA;COLONIA
HACIENDA;COLONIA
COLINAS DEL REY;COLONIA
NUEVA JOYA;COLONIA
ARAGONES;COLONIA
ALFONSO MARTINEZ DOMINGUEZ;COLONIA
FRACC. AVANTE;COLONIA
FRACC. PEDREGAL DEL ORIENTE;COLONIA
PORTAL DE LA HACIENDA;COLONIA
LOS OLIVOS;COLONIA
RIVIERAS DE GUADALUPE;COLONIA
FRACC. TERRAZAS;COLONIA
LOLITA;COLONIA
MORELOS;COLONIA
PRIV. SAN FERNANDO;COLONIA
SABINO;COLONIA
MYCASA INDUSTRIAL;COLONIA
FRANCIA 86;COLONIA
VALLE DE SAN MIGUEL;COLONIA
SANTA FE;COLONIA
PLAN DEL RIO;COLONIA
ROSA BLANCA;COLONIA
AV COHAUILA;COLONIA
ATEQUIZA;COLONIA
KALOS;COLONIA
27 DE SEPTIEMBRE;COLONIA
COLIMA;COLONIA
PUNTE AZTECA;COLONIA
ZUAZUA;COLONIA
AV NUEVO LEON;COLONIA
QUINTA;COLONIA
RINCON DEL SOL;COLONIA
VALBUENA;COLONIA
AV REYNOSA;COLONIA
LAGUNA DE SANCHEZ;COLONIA
VISTA OCASO;COLONIA
LA FRAGUA;COLONIA
JARDINES DE LA SILA;COLONIA
LOS OLMOS;COLONIA
VALLE DEL CHANTI;COLONIA
J. MANUEL ZERTUCHE;COLONIA
GUALAJARA;COLONIA
DEL CASTILLO;COLONIA
AUTOPISTA AEROPUERTO;COLONIA
ALFONSO MARTINEZ;COLONIA
5 DE MAYO;COLONIA
INGLATERRA;COLONIA
JUSTO SIERRA;COLONIA
VALLE FLORIDA;COLONIA
EL CAMINO;COLONIA
JOSE PEDRAZA;COLONIA
AV MIGUEL ALEMAN;COLONIA
ALDAMA;COLONIA
AV LAS AMERICAS;COLONIA
EULALIO GUTIERREZ;COLONIA
AV LA LUZ;COLONIA
AV ACAPULCO;COLONIA
AV PASEO DE LAS AMERICAS;COLONIA
AV TOLTECA;COLONIA
JOSE MORELOS;COLONIA
MINERVA;COLONIA
LOMA DE FATIMA;COLONIA
PANCIANO;COLONIA
FIDEL VELAZQUES;COLONIA
PASEO DE LAS AGUILAS;COLONIA
SAN PEDRO BERNAL;COLONIA
LAS CHAMACERO;COLONIA
PRIMERA;COLONIA
SIERRA DE PAPAGAYO;COLONIA
VALLE DE SAN LORENZO;COLONIA
RIO GUAYALEJO;COLONIA
FRANCISCO GOITIA;COLONIA
BONAMPACK;COLONIA
LOS LIRIOS;COLONIA
MANCHESTER;COLONIA
LAGO JANITZIO;COLONIA
CALLE 1;COLONIA
FEDERICO BARBAROJA;COLONIA
MONTREAL;COLONIA
FINSA;COLONIA
KUKULCAN;COLONIA
CORRAL;COLONIA
28 DE NOVIEMBRE;COLONIA
AV SANTA CRUZ;COLONIA
PRIV. AMAZONAS;COLONIA
PLATEROS;COLONIA
RINCON DEL ROCIO;COLONIA
PIO XII;COLONIA
GILBERTO GARCIA ARCOS;COLONIA
MEZQUITAL DEL ORO;COLONIA
GARCIA DE LA CADENA;COLONIA
JUAN GUZMAN;COLONIA
JARDINES DE ASTURIAS;COLONIA
AGUILAR REAL;COLONIA
BRAAVO;COLONIA
LA VENTA;COLONIA
VICENT VAN GOGH;COLONIA
AUTOPISTA AL AEROPUERTO;COLONIA
PRIV. MADRID;COLONIA
JUAN PABLO II;COLONIA
CAMINO LAS ESCOBAS;COLONIA
PRIMAVERA;COLONIA
HERRADERO;COLONIA
RIO COLORADO;COLONIA
AGUILA REAL;COLONIA
DONATELO;COLONIA
MANANTIAL;COLONIA
AMSTERDAM;COLONIA
RIO TIGRIS;COLONIA
YUKA;COLONIA
DEL EMPRESARIO;COLONIA
LAGUNA DE TERMINO;COLONIA
ALEJANDRO GURMELL;COLONIA
PRODUCTIVIDAD;COLONIA
ALCAZAR;COLONIA
DE LA ZANJA;COLONIA
JOSE MARIA ARTEAGA;COLONIA
INTERIOS DEL SUPERMERCADO;COLONIA
CALLE 7;COLONIA
NICOLAS BRAVO;COLONIA
RIO DEL SALVADOR;COLONIA
ANDRES OZUNA;COLONIA
TORRE DEL MAR;COLONIA
FUERTE DE ORO;COLONIA
RAFAEL PADILLA;COLONIA
RIO TIGERES;COLONIA
ESTHER REYNA;COLONIA
AGUA BLANCA;COLONIA
ALAMEDA;COLONIA
BOSQUES;COLONIA
VALLE DE CALICANTOS;COLONIA
SAN JOAQUIN;COLONIA
FRANCISCO JAVIER MINA;COLONIA
TULA;COLONIA
CARLOS MEDELLIN;COLONIA
CALLE 3;COLONIA
SIERRA ALTA;COLONIA
CAMINO A LAS VAQUERIAS;COLONIA
ATOTONILCO;COLONIA
YANDALICA;COLONIA
LAGUNA DE PANIAGUA;COLONIA
PEDRO INFANTE;COLONIA
CAMPECHE;COLONIA
JIMENEZ;COLONIA
EMILIO P. MARTINEZ;COLONIA
ROSARIO CASTELLANOS;COLONIA
VEREDA TROPICAL;COLONIA
DEL YUGO;COLONIA
LOS REYES;COLONIA
CARRETERA APODACA-JUAREZ;COLONIA
MICHOACAN;COLONIA
HACIENDA LOS LERMAS;COLONIA
SIERRA DE GOMAS;COLONIA
TOPACIO;COLONIA
PUERTO BERNAL;COLONIA
BEREMERITOS;COLONIA
JOSE LOPEZ PORTILLO;COLONIA
ALPISTE;COLONIA
EMPERADOR;COLONIA
VIRGILIO LARRALDE;COLONIA
2 DE ABRIL;COLONIA
GUACAMAYAS;COLONIA
LOMA BAJA;COLONIA
PASEO DE CONQUISTADORES;COLONIA
BRASIL;COLONIA
AV PASEO LAS AMERICAS;COLONIA
CARRETERA JUAREZ APODACA;COLONIA
GERARDO QUINTANILLA;COLONIA
ABRAM LINCON;COLONIA
NICOLAS COPERNICO;COLONIA
APOZAL;COLONIA
URUAPAN;COLONIA
ANDRES VIEZCA;COLONIA
RIO HONDO;COLONIA
LIC. ANTONIO FLORES GARZA;COLONIA
PATZCUARO;COLONIA
JARDINES DE VALENCIA;COLONIA
CERRADA CAMPECHE;COLONIA
RIO TAMUIN;COLONIA
RIO GRIJALVA;COLONIA
PLATINO;COLONIA
EMPRESARIO;COLONIA
CONSTITUYENTES;COLONIA
PRADESRAS DE GUADALUPE;COLONIA
RINCON DE LA COLINA;COLONIA
MECANICO;COLONIA
RIO PANUCO;COLONIA
COMUNICACIONES;COLONIA
DEL FORTIN;COLONIA
ARIES;COLONIA
CHEYENE;COLONIA
LAUREL;COLONIA
JUAN PABLO SEGUNDO;COLONIA
FOME 18;COLONIA
MI RANCHITO;COLONIA
RINCON DE LA SILLA;COLONIA
RINCON DE LAS SABINAS;COLONIA
TORREMOLINOS;COLONIA
LAS PALMAS;COLONIA
RINCON DE SANTA MARIA;COLONIA
FRACC. MARTE;FRACCIONAMIENTO
ATOYAC DE ALVAREZ;COLONIA
PASEO DE LAS FUENTES;COLONIA
FRACC. RAYMUNDO ALMAGUER;FRACCIONAMIENTO
ARBOLEDAS DE LINDA VISTA;COLONIA
VILLA DE SAN SEBASTIAN;COLONIA
RES. LAS AGUILAS;COLONIA
PARQUE IND. SAN RAFAEL;COLONIA
FRACC. LA LUZ;FRACCIONAMIENTO
ANCON DEL HUAJUNCO;COLONIA
PASEO FRANCES;COLONIA
LA AURORA;COLONIA
FTE. TELCEL;COLONIA
ESTACIONAMIENTO SUN MALL;COLONIA
PORTALES DE LA SILLA;COLONIA
REAL DE LA SILLA;COLONIA
VALLES DE LAS SABINAS;COLONIA
MAYA;COLONIA
TIERRA PROPIA 2;COLONIA
VALLE DE LOS REYES;COLONIA
FRACC. PASEO DE ACUEDUCTO;FRACCIONAMIENTO
LOS CANELOS;COLONIA
CONTRY LA ESCONDIDA;COLONIA
FRACC. LA HACIENDA;FRACCIONAMIENTO
VILLA OLIMPIA;COLONIA
EVANTE;COLONIA
LA LOLITA;COLONIA
DIAS ORDAZ;COLONIA
INSDUSTRIAL LA SILLA;COLONIA
FTE. CAR ONE;COLONIA
ZIITON;COLONIA
RESIDENCIAL MINERVA;COLONIA
AVANTE RESIDENCIAL;COLONIA
LAS CANTERAS;COLONIA
ZITOON;COLONIA
SNTA MARIA;COLONIA
SABINAL;COLONIA
NUEVO MEXICO;COLONIA
VALLES LINDA VISTA;COLONIA
ARBOLEDAS DE ORIENTE;COLONIA
FRANCISCO ZERTUCHE;COLONIA
LA AMISTAD;COLONIA
EL MILAGRO;COLONIA
PROGRESO;COLONIA
LUIS MORA;COLONIA
PROV. GUADALUPE;COLONIA
RESIDENCIAL MIXCOA;COLONIA
JARDINES DE CASA BLANCA;COLONIA
21 DE NOVIEMBRE;COLONIA
JOSE MARIA MORELOS Y PAVON;COLONIA
JARO DE XOCHIMILCO;COLONIA
RESIDENCIAL SANTA MARIA;COLONIA
AV SAN RAFAEL;COLONIA
VILLA ALTA;COLONIA
AUTO PISTA AL AEROPUETO;COLONIA
VERDON;COLONIA
MIGUEL N. LIRA;COLONIA
NOGAL;COLONIA
MIGUEL MARTINEZ VILLAREAL;COLONIA
FLORIDA;COLONIA
VIA TAMPICO;COLONIA
FRANCISCO NARANJO;COLONIA
RANCHO ALEGRE;COLONIA
LAS ESCOBAS;COLONIA
JULIO CESAR;COLONIA
BARCENAS;COLONIA
CALLE 5;COLONIA
VALLE DEL RHIN;COLONIA
MARCELINO JUAREZ;COLONIA
AV PABLO LIVAS;COLONIA
PRIV ARTURO ,ACIAS;COLONIA
AV DEL BOSQUE;COLONIA
MIGUEL ALMAN;COLONIA
VALLE DE LOS OLIVOS;COLONIA
CUAHUTEMOC;COLONIA
AV PLUTARCO ELIAS CALLES;COLONIA
LEON;COLONIA
06 DE NOVIEMBRE;COLONIA
OCRE;COLONIA
CALLE UNO;COLONIA
APATZINGAN;COLONIA
LOMA FLORIDA;COLONIA
SABILA;COLONIA
ARQUIMEDES;COLONIA
CALLE TRES;COLONIA
JUAREZ;COLONIA
ALBER GINSTAIN;COLONIA
FRESNOS;COLONIA
SAN FERNANDO;COLONIA
CAPITAN EMILIANO CARRANZA;COLONIA
CELESTINO NEGRETE;COLONIA
DEMECIO GARCIA NARANJO;COLONIA
DEL PRIOR;COLONIA
CHILPANCINGO;COLONIA
PASEO LOS PINOS;COLONIA
ARTURO MACIAS;COLONIA
BARBAO;COLONIA
VISTA REGIA;COLONIA
PIEDRA NEGRA;COLONIA
BELLA VISTA;COLONIA
MIER Y NORIEGA;COLONIA
VIA DE SANTIAGO;COLONIA
VALLE DE MEXICO;COLONIA
VILLA Y CUBA;COLONIA
MIGUEL DE LA MADRID;COLONIA
JUAN QUIROGA;COLONIA
JOSEFA ORTIZ DE DOMINGUEZ;COLONIA
VALLE MARSALA;COLONIA
CASETA DE COBRO;COLONIA
VILLA DE AYALA;COLONIA
SARAPE;COLONIA
CIUDAD GUZMAN;COLONIA
MONTREAL 76;COLONIA
RIO TAMAZUCHALE;COLONIA
DEL AMANECER;COLONIA
RIO ROSAS;COLONIA
SAN LUIS REY;COLONIA
DE LA HACIENDA;COLONIA
PASEO DE LOS EUCALIPTOS;COLONIA
SALON;COLONIA
ANTIMONIO;COLONIA
VEREDA DE TAMARINDO;COLONIA
INDUSTRIAS DEL ORIENTE;COLONIA
ANACLETO ZAPATA;COLONIA
PENINSULA IBERICA;COLONIA
BLV.MIGUEL DE LA MADRID;COLONIA
6 DE NOVIEMBRE;COLONIA
BONIFACION SALINAS;COLONIA
REFORMA;COLONIA
CERRO DE PICACHOS;COLONIA
SOSTERES ROCHA;COLONIA
DE LOS SILOS;COLONIA
MAZATLAN;COLONIA
GUERRO;COLONIA
CERRADA DE BEGONIA;COLONIA
JARDIN DE LOS CEREZOS;COLONIA
BENEMERITO DE LAS AMERICAS;COLONIA
RINCON DE LAS GLADIOTAS;COLONIA
JULIO CORTAZAR;COLONIA
SANTA MARGARITO;COLONIA
MARIANO MATAMOROS;COLONIA
TRECE;COLONIA
PASEO DE LOS CESARES;COLONIA
RICARDO COVARRUBIAS;COLONIA
LUCIO BLANCO;COLONIA
ARIA;COLONIA
ANTONIO FLORES GARZA;COLONIA
NARANJO;COLONIA
MOGUEL ALEMAN;COLONIA
LAS REYNAS;COLONIA
ENRIQUE LUNA;COLONIA
RIO ESCONDIDO;COLONIA
ATOLINGA;COLONIA
ARTURO B DE LA GARZA;COLONIA
VARADERO;COLONIA
PUENTE GUADALUPE;COLONIA
NARDO;COLONIA
HERMOSILLO;COLONIA
EJERCITO LIBERAL;COLONIA
EULOGIO FLORES;COLONIA
MIRIAM GARZA;COLONIA
FRANCISCO JAVIER;COLONIA
VALLE DE OCASO;COLONIA
CAMINO;COLONIA
HUINALA;COLONIA
TEPANECA;COLONIA
CAMINO A SAN PEDRO;COLONIA
VALLE DEL SINZANO;COLONIA
ADOLFO RUIZ CORTINEZ;COLONIA
LOMA ALTA;COLONIA
DESAROYO;COLONIA
VERDIN;COLONIA
JULIETA;COLONIA
TEPEYAC;COLONIA
MANUEL AVILA CAMACHO;COLONIA
SIERRA DE MINAS VIEJAS;COLONIA
5 DE FEBRERO;COLONIA
AVENIDA 1;COLONIA
DE LA REJA;COLONIA
BOSQUE DE SABINAS;COLONIA
ALHELI;COLONIA
RIO NAZAS;COLONIA
RODOLFO QUINTANILLA;COLONIA
CARRETERA AUTOPISTA AL AEROPUERTO;COLONIA
LILIA E. VILLANUEVA;COLONIA
PALMA;COLONIA
VIA BURGOS;COLONIA
LOS PORTALES;COLONIA
LA MANCHA;COLONIA
PLAN DE GUADALUPE;COLONIA
AV COAHUILA;COLONIA
RIO USUMACINTA;COLONIA
EUSEBIO DE LA CUEVA;COLONIA
RANCHO LA HUASTECA;COLONIA
DIAMANTE;COLONIA
ALBER EINSTEN;COLONIA
ESTADOS UNIDOS;COLONIA
ZACATECA;COLONIA
TAMAZULA;COLONIA
VALLE DE MARZALA;COLONIA
BRIGIDA GARCIA;COLONIA
JOSE MA. MORELOS;COLONIA
OPALO;COLONIA
POMPEYO;COLONIA
CONCEPCI?N DEL ORO;COLONIA
GASTON DEL PERALTA;COLONIA
ASTURIAS;COLONIA
LUIS ECHEVERRIA ALVAREZ;COLONIA
GOMEZ FRIAS;COLONIA
ARROYO LA TALAVERNA;COLONIA
PASEO LAS VILLITAS;COLONIA
ROQUE GONZALES;COLONIA
CD JUAN GUZMAN;COLONIA
ALFONSO SANCHEZ;COLONIA
TEPEYAN;COLONIA
OLIODUCTO;COLONIA
DEL JARDIN;COLONIA
LILIANA VILLARREAL;COLONIA
JUAN N. GARCIA;COLONIA
CONSTANTINO;COLONIA
EDUARDO ELIZONDO;COLONIA
SAN ANTONIO;COLONIA
ARTURO MARILLAS;COLONIA
LUIS M. FARIAS;COLONIA
VISTA FLORIDA;COLONIA
VALLE DE BRAVO;COLONIA
JUAN QUIROGA ARIZPE;COLONIA
AVANTE;COLONIA
VALLE AZUL;COLONIA
TABACHIN;COLONIA
MONTERRY;COLONIA
AV. ISRAEL CAVAZOS;AVENIDA
AV. ELOY CAVAZOS;AVENIDA
AV. LAZARO CARDENAS;CALLE
FCO. VILLA;AVENIDA
AV. ACAPULCO;AVENIDA
AV. BENITO JUAREZ;AVENIDA
RIO SUCHATIL;BOULEVARD
QUIROGA;AVENIDA
AV. MORONES PRIETO;AVENIDA
AV. LOPEZ MATEOS;AVENIDA
MARIA MEDINA;CALLE
AV. SOLIDARIDAD;AVENIDA
CARRETERA JUAREZ;AVENIDA
AV. MIGUEL ALEMAN;CALLE
CARRETERA REYNOSA;AVENIDA
UZMAL;CALLE
AV. CENTRAL;AVENIDA
AV. AZTECA;CALLE
AV. RUIZ CORTINES;AVENIDA
AV. SAN SEBASTIAN;CALLE
HDA. SAN MATIAS;BOULEVARD
AV. BOSQUES;AVENIDA
JUNO;AVENIDA
CARR. A DULCES NOMBRES;AVENIDA
PROL. CHURUBUSCO;AVENIDA
SAGITARIO;CALLE
AV. LAS TORRES;AVENIDA
SABINAS;CALLE
ESCULTORES;CALLE
LAZARILLOS;AVENIDA
CERRADA DE TULIPANES;AVENIDA
COSTERA;AVENIDA
VALLE DE CALAFIA;CALLE
SAN LUCAS;CALLE
LIMONEROS;AVENIDA
ANTONIO PLAZA;AVENIDA
JARDIN DE GLADIOLAS;CALLE
AV. CHAPULTEPEC;CALLE
MILANO;AVENIDA
NEMESIO GARCIA NARANJO;AVENIDA
PASEO DE SAN AGUSTIN;CALLE
CONSTITUYENTES DE N.L;CALLE
VALLE CARPINTERO;AVENIDA
GILBERTO GARCIA;AVENIDA
TEPATITLAN;AVENIDA
PROL. ARTEAGA;CALLE
OLIVO;AVENIDA
MAGNOLIA;AVENIDA
FRANCIA;CALLE
MAGUEYES;AVENIDA
FORJA;AVENIDA
RIACHUELO;AVENIDA
ALFONSO DOMINGUEZ;CALLE
CERRADA DE BRONCE;AVENIDA
RANCHO NUEVO;AVENIDA
GRAL. IGNACIO MTZ.;BOULEVARD
SAN ALFONSO;CALLE
JARDINES DE TOLEDO;BOULEVARD
ARQUIMIDES;AVENIDA
ESTEBAN LEAL;AVENIDA
SALVATIERRA;AVENIDA
VALLE DE AGUAYO;CALLE
SIXTO VERDUZCO;BOULEVARD
TABASCO;AVENIDA
AV. DEL CAMINO;AVENIDA
RANCHO VERDE;AVENIDA
YAHUALICA;AVENIDA
VISTA CORTA;CALLE
TORRE DE PISA;AVENIDA
BARBADOS;AVENIDA
CARRETERA A LA AUTOPISTA;AVENIDA
RANCHO EL POTRERO;AVENIDA
RANCHO LA ESCONDIDA;AVENIDA
MM DEL LLANO;AVENIDA
CERRO DE LA CAMPANA;AVENIDA
CALLE 4;AVENIDA
AV. RUIZ CORTINEZ;AVENIDA
SAN LORENZO;BOULEVARD
VILLAS DE BARCELONA;CALLE
PONCIANO ARREAGA;AVENIDA
CARDENAL;AVENIDA
FUERTE DE LORETO;AVENIDA
HUMBERTO CERVANTES;CALLE
LA FLORIDA;AVENIDA
RIO SANTA CATARINA;AVENIDA
ILIADA;CALLE
CAMINO A KALOS;CALLE
ESTADIO BBVA;AVENIDA
ALFREDO B. NOBEL;AVENIDA
PASEO SAN FRANCISCO;CALLE
CHABACANO;CALLE
SIERRA DE GUADALAJARA;CALLE
RANCHO HUASTECA;CALLE
CALLE CENTRAL;AVENIDA
SEVILLA;CALLE
VALLE DE MORELIA;AVENIDA
DEL ALTILLO;CALLE
DE LA PAZ;AVENIDA
SAYULA;AVENIDA
BLV. K.M 7;CALLE
DE LA PRIMAVERA;AVENIDA
SAN LUIS;AVENIDA
QUINTAS SUR;AVENIDA
TLAXCALA;AVENIDA
VALLE DE CHAMPAGNE;CALLE
CALLE 10;CALLE
LA SENDA;CALLE
BOSQUES DE ALAMOS;AVENIDA
MUSAS;AVENIDA
VILLA DEL RIO;CALLE
TORRES DE PISA;AVENIDA
BLVD. MIGUEL DE LA MADRID;AVENIDA
RANCHO EL CHAPARRAL;AVENIDA
SEXTA PRIVADA;CALLE
DERECHO DE PASO;AVENIDA
MIGUEL HIDALGO Y COSTILLA;CALLE
TIERRA BLANCA;AVENIDA
CAPNIO;AVENIDA
ANENECUILCO;CALLE
BERNARDO ELOSUA;AVENIDA
VALLE CATERINA;AVENIDA
ALBERT CAMUS;CALLE
UNICA;AVENIDA
LITIO;AVENIDA
TEJADA;CALLE
ABRAHAM LINCOLN;CALLE
DIAGONAL;AVENIDA
MEXICO;CALLE
FLAMINGO;CALLE
INTERIOR DEL ESTADIO;AVENIDA
ROSENDO SALAZAR;CALLE
PROF. M. ZERTUCHE;CALLE
CALZADA LOS ENCINOS;CALLE
PEDRO ZORRTEGA;AVENIDA
NORA QUINTANA;AVENIDA
MARMOL;CALLE
PASEO  SAN  FRANCISCO;CALLE
BOSQUES DEL MIRADOR;AVENIDA
VISTA BRISAS;CALLE
LA CANDON;CALLE
BLVD. ACAPULCO;CALLE
VALLE DORADO;AVENIDA
CASO FLORES;AVENIDA
PIO VII;BOULEVARD
RUIZ CORTINES;CALLE
RIO AMERICANO;AVENIDA
FORTIN;CALLE
JUPITER;AVENIDA
GOLFO;AVENIDA
FELIPE ARGUELLES;CALLE
SIERRA MADRE ORIENTAL;AVENIDA
CAMINO DE LA SIERRA;AVENIDA
DEL RASTRO;AVENIDA
NIBELUNGO;AVENIDA
PASEO DE LAS REYNAS;CALLE
CLAVELES;AVENIDA
HABICHUELA;CALLE
VALLE DE TEXAS;CALLE
NAHUATL;CALLE
DE LA PRADERA;CALLE
MANUEL M. PONCE;AVENIDA
CERRO DEL POTOSI;CALLE
VALLE DE JUAREZ;AVENIDA
PEDRO RAMIREZ;AVENIDA
VALLE DE LOS PINOS;AVENIDA
DE LOS CLAVELES;AVENIDA
SEGUNDA;AVENIDA
SAN ILDEFONSO;AVENIDA
LAGO SARADOLI;CALLE
PETUNIA;CALLE
CAMPERO;AVENIDA
VALLE DE MORENA;AVENIDA
SANTIAGO NOEL;AVENIDA
PIZARRA;CALLE
ILDA ANDERSON;AVENIDA
TROLLAN;AVENIDA
ESCRITORES MEXICANOS;CALLE
27 DE ENERO;AVENIDA
TOLTECAS;AVENIDA
LABORES VIEJAS;CALLE
EL SARAPE;CALLE
NEMESIO GARCIA NARANJA;CALLE
PASEO DE LA PLATA;AVENIDA
SIERRA DE SANTA CLARA;AVENIDA
VALLE NARANJO;AVENIDA
RIO SOFIA;AVENIDA
LOS ANGELES ALAMO;AVENIDA
LIMON;AVENIDA
PASEO DE LA ALEGRIA;CALLE
SEGUNDA AVENIDA;AVENIDA
AV SANTA ROSA DE LIMA;CALLE
BARCELONA;AVENIDA
RANCHO COLORADO;CALLE
MAXIMILIANO;CALLE
ROBERTO ESPINOZA;CALLE
AV ISRAEL CAVAZOS;AVENIDA
VALLE DEL TINTO;CALLE
PASEO DE LAS ROSAS;CALLE
CERRADA DE BEGONIAS;CALLE
PALACIO FEDERAL;AVENIDA
TOMAS MORENO;AVENIDA
UMAN;AVENIDA
NO INDICA;CALLE
VALLE MIRADOR;AVENIDA
NARCIZO MENDOZA;CALLE
PROLONGACION CHURUBUSCO;AVENIDA
CEVEROS;AVENIDA
PUERTO DE MAZATLAN;AVENIDA
BOSQUE MAGICO;BOULEVARD
PEON CONTRERAS;AVENIDA
CALLE 3A;AVENIDA
ROSA DE CASTILLO;AVENIDA
QUINTA ROO;CALLE
VALLE FUERTE;CALLE
AMPLIA VISTA;AVENIDA
DURANGO;AVENIDA
CORRALES;AVENIDA
PASCUAL OROZCO;CALLE
ENCINO;CALLE
JORGE CUESTA;CALLE
DEL MAR;AVENIDA
CONEL;CALLE
RIO TAMAZUNCHE;AVENIDA
YAQUI;AVENIDA
HUASTECOS;CALLE
ANAHUAC;AVENIDA
DALIAS;AVENIDA
OLIMPIA;AVENIDA
ANTONIO L. RODRIGUEZ;CALLE
AV SAN SEBASTIAN;AVENIDA
TAMPICO;AVENIDA
18 DE DICIEMBRE;AVENIDA
CHICHAMECA;CALLE
ALCALA;CALLE
IGNACIO LOPEZ RAYON;CALLE
TOLEDO;AVENIDA
MANANTIALES;AVENIDA
EMMA GODOY;CALLE
TABACHINES;AVENIDA
VIA GRANADA;AVENIDA
VALLE DEL VERGEL;AVENIDA
2 AVENIDA;CALLE
RIO EUFRANES;CALLE
VEREDA DE TAMARINDOS;AVENIDA
BOSQUES DE LA LOMA;AVENIDA
EMBARCADERO;CALLE
14 DE MAYO;AVENIDA
FRANCISCO AMILPA;CALLE
DE LA FUENTE;CALLE
VALLE DE SAN FRANCISCO;AVENIDA
HORTENCIA;CALLE
SAN JORGE;AVENIDA
DATZWARO;AVENIDA
KM-7;CALLE
SANTA MONICA;AVENIDA
CHAMULA;AVENIDA
COMETA;CALLE
SIERRA MADRE;CALLE
LA MANGONA;AVENIDA
ISMAEL FLORES;AVENIDA
MAR ROJO;AVENIDA
CANADA;CALLE
MANZANO;CALLE
LOS AMOLES;CALLE
MIXTECA;CALLE
SANTA FATIMA;AVENIDA
FRANCISCO MUNGUIA;CALLE
LA RIVERA;AVENIDA
SALVADOR CHAVEZ;AVENIDA
LEONARDO MORALES;AVENIDA
TIERRA LINDA VISTA;AVENIDA
CONCEPCION DEL ORO;AVENIDA
CARRETERA APODACA - JUAREZ;AVENIDA
ALBORADA;AVENIDA
PUESTA DEL BOSQUE;CALLE
PINTORES MEXICANOS;CALLE
RICARDO ARENACES;CALLE
PIEL ROJA;CALLE
ORIENTE DE AZTECA;AVENIDA
SANTA GENOVEVA;CALLE
LAREDO;CALLE
VALLADOLID;CALLE
QUETZALES;CALLE
SAN JOSE;AVENIDA
MALAGA;CALLE
CERRO DE GUADALUP;AVENIDA
AZURO;CALLE
TOMAS URBINA;AVENIDA
HACIENDA SANTA AGUSTIN;AVENIDA
GERMAN ALMARAZ;AVENIDA
KEPLER;AVENIDA
PORTUGAL;CALLE
EPICUARO;AVENIDA
RAYON;AVENIDA
MONTURA;AVENIDA
ABELARDO LOZANO;CALLE
DESARROLLO;CALLE
MODESTO ALANIZ;AVENIDA
VALLE BLANCO;AVENIDA
TURQUEZA;CALLE
OLMOS;CALLE
CUARTA CALLE;CALLE
RINCON DE LA NIEBLA;CALLE
HACIENDA LOS MOLINOS;AVENIDA
JAMICA;AVENIDA
TORRES DE MARFIL;AVENIDA
LOMA LARGA;CALLE
CRISANTEMO;BOULEVARD
VILLA DE COSS;CALLE
RIO CONCHOS;AVENIDA
APOLO;CALLE
LIMA;CALLE
ENCINOS;AVENIDA
JARDIN DE LAS MAGNOLIAS;AVENIDA
PUEBLA;AVENIDA
FUERTE DE GUADALUPE;AVENIDA
MALVINAS;CALLE
ISAAC NEWTON;CALLE
PASEO CONQUISTADORES;AVENIDA
CANDON;AVENIDA
RICARDO ARENAARES;CALLE
JOSE PEON CONTRERAS;CALLE
PABLO A. GONZALEZ;AVENIDA
CHURUBUSCO;AVENIDA
JARDINES DE AZUCENA;AVENIDA
DAVID CAVAZOS;AVENIDA
RAMOS ARIZPE;AVENIDA
RIO JAMAPA;CALLE
REALITO;CALLE
PERAL;AVENIDA
ABRAHAM GONZALEZ;AVENIDA
CIRUELA;BOULEVARD
NAYARIT;CALLE
VISTA DIVINA;CALLE
AZALEA;CALLE
RINCON DE HUATULCO;CALLE
NOCHE BUENA;CALLE
SAN JUAN BAUTISTA;AVENIDA
ADONIS;CALLE
OAXACA;AVENIDA
TIERNA VISTA;CALLE
VALLE DE LAS BRISAS;CALLE
MOROLEON;CALLE
BOSQUES DEL SABINO;CALLE
CAMINO A SAN MATIAS;AVENIDA
DEL VALLE;AVENIDA
JOAQUIN CAPILLA;CALLE
TALAVERNA;CALLE
RIO DEL ROCIO;CALLE
SAN JUAN;AVENIDA
CEREZOS;AVENIDA
JUAN DE LA BARRERA;AVENIDA
DE LA INDUSTRIA;CALLE
GARDENIA;AVENIDA
ALTILLO;AVENIDA
IZA;CALLE
SIERRA DE ANAHUAC;AVENIDA
FRANCISCO SARCO;AVENIDA
LOS SABINOS;AVENIDA
COSTA AZUL;CALLE
QUINTA AVENIDA;AVENIDA
DIECIOHO;CALLE
SANTA CLAUDIA;CALLE
PINTURAS DOAL;CALLE
SIERRA DE TLAXCALA;AVENIDA
SEPALO;AVENIDA
RINCON DEL VIENTO;AVENIDA
NAHUAC;AVENIDA
SANCHO VII;AVENIDA
HILARIO PORRAS;AVENIDA
RAMIRO SEGUNDO;CALLE
PRIV HERMOSILLO;CALLE
FRANCISCO SALANUEVA;CALLE
KADIL;CALLE
CONZUMEL;CALLE
LA LEONA;CALLE
MAGALLANES;CALLE
PALMA MADURA;AVENIDA
IGNACIO ALTAMIRANO;CALLE
MANANTIAL TOPO CHICO;BOULEVARD
FORTIN VELADERO;AVENIDA
HACIENDA DE LA LOMA;CALLE
COCULA;AVENIDA
VICENTE VANGOGH;AVENIDA
ATENCO;CALLE
PANAMA;CALLE
ALAMO;CALLE
ANDRES CUESTA;CALLE
MORELIA;CALLE
ARBOLEDAS DEL NOGAL;CALLE
DE LA TEJA;CALLE
VISTA IDEAL;AVENIDA
RIO MAYO;CALLE
FONTANA;CALLE
MATEMATICAS;AVENIDA
MAZAPA;AVENIDA
VALLE SONORA;AVENIDA
6TA. AVENIDA;CALLE
COZUMEL;AVENIDA
GUZMAN;AVENIDA
JOSE MARIA Y PAVON;CALLE
PASEO DE LOS CEDROS;CALLE
COLONIAL DE SAN MIGUEL;AVENIDA
BLV MIGUEL DE LA MADRID;AVENIDA
HELECHOS;AVENIDA
ENBARCADERO;CALLE
PAULO VI;CALLE
ANCON;CALLE
TIERRA ESPONJA;AVENIDA
LA ZONA;AVENIDA
CHETUMAL;CALLE
JUAN ALVAREZ;CALLE
CERRO DE SANTIAGO;AVENIDA
DOCTOR COSS;CALLE
SAN MARTIN;AVENIDA
ALBINO FUENTES;CALLE
HACIENDA DE LA ROJA;CALLE
JAIME PRIMERO;CALLE
MERCED;CALLE
PEDRO ASENCIO;CALLE
ITZAES;CALLE
BERNARDO;CALLE
JOSE JOAQUIN FERNANDEZ;AVENIDA
AGRICULTORES;AVENIDA
PROF. R. QUINTANILLA;AVENIDA
TORRE MOLINOS;CALLE
BOLIZAVIO SOLIZ;AVENIDA
CARRIL EXPRESS;CALLE
DEL ATARDECER;AVENIDA
PASEO DE LOS OLIVOS;CALLE
RUBY;AVENIDA
FRESNILLO;CALLE
ACENDENTE;AVENIDA
PRIVADA LAURA;AVENIDA
16 DE NOVIEMBRE;AVENIDA
MIGUEL AULA;CALLE
MATACHINES;CALLE
VALLE ALTO;CALLE
PARQUE FINSA;AVENIDA
ALBINO DANIEL FUENTES;CALLE
DEL PUENTE;AVENIDA
VISTA BLANCA;AVENIDA
SANTA BARBARA;CALLE
RINCON DEL LLANO;AVENIDA
FLOR LOTO;CALLE
PETROQUIMICA;CALLE
VALLE BONITO;AVENIDA
JARDINES DE MALAGA;CALLE
PROF. ALFREDO GONZALEZ;AVENIDA
BELGRADO;CALLE
SALINILLAS;CALLE
JESUS NAVARRO;CALLE
SIERRA GUADALUPE;AVENIDA
TULANCINGO;CALLE
TEOTIHUACAN;CALLE
ANGEL;CALLE
EUGENIO;CALLE
16 DE SEPTIEMBRE;CALLE
CIPRESS;CALLE
CRONOS;AVENIDA
ARQUITECTURA;CALLE
REPUBLICA DE CHILE;CALLE
PURISIMA;AVENIDA
ANTARTIDA;CALLE
ARTURO CARRANZA;AVENIDA
RIO CONEJOS;AVENIDA
CHALMA;AVENIDA
MODELO;CALLE
CONCORDIA;AVENIDA
AV BELLO AMANECER;CALLE
PALMAS;AVENIDA
SIERRA DEL CARMEN;AVENIDA
VAREDA TROPICAL;CALLE
DIAGONAL SANTA CRUZ;CALLE
MARSALLA;AVENIDA
JOSE VIVANCO;CALLE
CORPRESA;CALLE
AV. LA PLAYA;CALLE
AV. GUADALAJARA;CALLE
SIERRA DE PICACHOS;AVENIDA
AGUASCALIENTES;CALLE
ARCA 2;AVENIDA
LEANDRO MARTINEZ;CALLE
JESUS DE LA GARZA;AVENIDA
BARRANCAS;CALLE
AV. DEL BOSQUE;CALLE
CALANDRIA;CALLE
AHUMADA;AVENIDA
JUAN MANUEL ELIZONDO;AVENIDA
BALCONES;BOULEVARD
AV. MONTERREY;BOULEVARD
JOSE GOROSTIZA;CALLE
PASEO DE LOS CONQUISTADORES;AVENIDA
PRIV. FATIMA;AVENIDA
JOEL ROCHA;AVENIDA
MATIAS MORENO;AVENIDA
AV. DEL EMPRESARIO;CALLE
LOS PINOS;CALLE
FCO. SARABIA;CALLE
VALLE DEL MIRADOR;CALLE
TARAHUMARA;CALLE
ANILLO VIAL METROPOLITANO;CALLE
AV. DE LA PRIMAVERA;CALLE
CIRUELO;CALLE
NERIO RIOS;AVENIDA
FRANCISCO VILA;AVENIDA
DEL PARQUE;CALLE
PIEDRAS NEGRAS;AVENIDA
DEL OBELISCO;CALLE
JACARANDAS;AVENIDA
TIGRIS;AVENIDA
ANTONIO FLORES;AVENIDA
AURRERA SAN MIGUEL;CALLE
BARRANCA;AVENIDA
AMAZONAS;AVENIDA
BOSQUES DE LA SILLA;CALLE
VELMONTE;CALLE
PUENTE AZTECA;CALLE
VISTA ROSA;CALLE
SIERRA DE GOMAZ;AVENIDA
EJERCITO TRIGARANTE;CALLE
FRACC. CAMINO VECINAL;AVENIDA
DEL ROCIO;AVENIDA
ZACATEPEC;AVENIDA
GENERAL BRAVO;CALLE
SEVERIO;CALLE
CAPITAN EMILIO CARRANZA;CALLE
BELEN MENDOZA;AVENIDA
JOSE MARIA ARTEGA;AVENIDA
VALLE DE LA CRUZ;CALLE
ALEJANDRO BRUNEL;CALLE
MANUEL L. BARRAGAN;AVENIDA
COLONIAL DEL VALLE;CALLE
RINCON DE TEPEYAC;AVENIDA
ERNESTO VILLARREAL;CALLE
AVE. MEXICO;CALLE
INBURGO;BOULEVARD
COAUTLA;AVENIDA
PTOLOMEO;AVENIDA
BLAS CHUMACERO;AVENIDA
DE LAS ROSAS;CALLE
JARDINES DE ALCALA;CALLE
VALLECILLOS;CALLE
FRIJOL;AVENIDA
ZAPOTIANEJO;BOULEVARD
PROLONGACION ARTEAGA;CALLE
GALILEO GALILEI;CALLE
TURMULINA;CALLE
CERRO DEL TOPO;CALLE
AMAPOLA;CALLE
CRISTALES;CALLE
BOSQUE DE LA SIERRA;CALLE
PEDRO ZORRILLA;CALLE
ALBERTO SANCHEZ;CALLE
ITURBIDE;AVENIDA
RANCHO LA LAJA;CALLE
CIRCON;CALLE
RIO RHIN;AVENIDA
RIO AMECA;CALLE
FRANCISCO BARBADILLO;AVENIDA
JARDINES DE GALICIA;AVENIDA
RIO NILO;AVENIDA
DEL RIEGO;AVENIDA
FEDERICO GAMBOA;CALLE
PUESTA DE LOS ALAMOS;CALLE
PRIV. MORELIA;AVENIDA
ISLA MUJERES;CALLE
MEZQUITE;CALLE
FUNGIDORES;AVENIDA
AZAHARES;CALLE
SIERRA DEL AJUSCO;AVENIDA
HACIENDA PICACHOS;AVENIDA
RIO CONGO;BOULEVARD
ANGEL MARTINEZ;CALLE
LEONARDO DAVINCI;CALLE
TOMAS CUEVAS;CALLE
ZARZAMORA;CALLE
RINCON;CALLE
CIRCUNVALACION;CALLE
SAN ROQUE;CALLE
RIO DE LA ARGENTINA;CALLE
NARANJA;CALLE
SILLA;CALLE
CATEDRAL DE BURGOS;AVENIDA
MIZENAS;CALLE
ACUEDUCTO DE TLAXCALA;AVENIDA
ARON SAENZ;AVENIDA
TORREON;AVENIDA
AV LOS REYES;AVENIDA
CORTIJO DE LAS GRUTAS;CALLE
ALTAMIRANO;AVENIDA
DIEGO VELAZQUEZ;CALLE
PARQUE INDUSTRIAL KALOS;CALLE
ALLENDE;CALLE
AMBERES;AVENIDA
COSTA RICA;AVENIDA
RIO MONTEZUMA;AVENIDA
KM11;AVENIDA
CALLE 12;AVENIDA
PUESTA DEL RIO;CALLE
DUNA;AVENIDA
FUENTE;AVENIDA
IGNACIO M ALTAMIRANO;AVENIDA
TULPANSIGNO;AVENIDA
ABEDUL;CALLE
UNIDAD LABORAL;CALLE
CD GUZAN;AVENIDA
LOS ALAMOS;CALLE
VALLE DEL MARSALA;BOULEVARD
SOFIA;CALLE
PIEDRA BOLA;AVENIDA
DIVICION DEL NORTE;AVENIDA
LAS ESPUELAS;AVENIDA
CALLE 9A;AVENIDA
ZARAPE;CALLE
TAMUIN;CALLE
3A. AVENIDA;CALLE
ELIAS OROZCO;AVENIDA
ALFONSO JUAREZ;CALLE
VALLE DEL BRAVO;CALLE
J. ANTONIO SALA NUEVA;AVENIDA
RODOLFO FIERRO;AVENIDA
PERU;AVENIDA
TABACO;CALLE
BULEVAR MIGUEL DE LA MADRID;CALLE
CALLE RADIO;CALLE
PLAZA ENCINO;CALLE
ESCOBEDO;AVENIDA
PITAGORAS;CALLE
PRIV. FRANCISCO SARABIA;AVENIDA
PLATON SANCHEZ;CALLE
JESUS YOREN;AVENIDA
AGUILA IMPERIAL;CALLE
LA ASCENCION;CALLE
JESUS OVALLE;CALLE
ROBERTO M. GONZALEZ;AVENIDA
EL REBOZO;CALLE
JARDINDES DE ANDALUCIA;CALLE
VALLE DE AMARANTO;CALLE
RIO VOLGA;CALLE
APODACA JUAREZ;CALLE
1RA. AVENIDA;BOULEVARD
DIEGO RIVERA;AVENIDA
GALDIOLA;AVENIDA
VILLA ALPINA;CALLE
SALOMON;CALLE
EDIMBURGO;AVENIDA
AARON SAENZ;AVENIDA
TRIGO;AVENIDA
ENSENADA;AVENIDA
CARLOS V;CALLE
KM 13;AVENIDA
RINCON DE LA BASILICA;AVENIDA
MAZAMITLA;CALLE
LATON;CALLE
ADMINISTRACION;AVENIDA
RIO AVECA;CALLE
RINCON DEL BOSQUE;AVENIDA
CARRETERA A LAS ESCOBAS;AVENIDA
POTRERO;AVENIDA
SAN EUGENIO;AVENIDA
PANFILO NATERA;AVENIDA
R. QUINTANILLA;AVENIDA
JALAPAN;CALLE
JARDINES DE GRANADA;CALLE
SAUCE;CALLE
SAN RICARDO;CALLE
VALLE DE LAS AGUILAS;AVENIDA
MEXICO 86;CALLE
EL AGUAJE;AVENIDA
TAJIN;AVENIDA
AMERICAS DEL SUR;CALLE
TAXCO;CALLE
PIHUAMO;AVENIDA
CATORCE;BOULEVARD
RIO BALSAS;CALLE
LEONARDO VALLE;BOULEVARD
MANGANA;AVENIDA
8 DE MAYO;CALLE
FELIX LOZANO;AVENIDA
LUIS REYES;CALLE
CORA;AVENIDA
KM 6;CALLE
ANTIGUO CAMINO;AVENIDA
ZACATENCO;AVENIDA
RIO SABINAS;AVENIDA
COLINAS LA SILLA;CALLE
GAVILAN;CALLE
VILLA TAMARINDO;CALLE
TAMARINDO;CALLE
RENACIMIENTO;AVENIDA
CECILIA TREVILLO;AVENIDA
ROMA;CALLE
QUETZAROS;AVENIDA
VISTAA ALEGRE;CALLE
PARQUES ACUEDUCTO;CALLE
GRANITO;CALLE
LA MONTURA;AVENIDA
RIO PARANA;AVENIDA
MADRE SELVA;CALLE
JASINTO BELAVENTE;CALLE
NOVENA;AVENIDA
1 DE MAYO;BOULEVARD
BUGAMBILIAS DEL BOSQUE;AVENIDA
PUERTO A MANZANILLO;CALLE
PINTOR;CALLE
EXCELENCIA;AVENIDA
SELENIO;AVENIDA
OLVERA;CALLE
HUICHOL;AVENIDA
ESTACIONAMIENTO;CALLE
LAZARO GALLEGOS;BOULEVARD
WALMART;AVENIDA
BOSQUES DE SABINO;CALLE
VALLE DE ANAHUAC;CALLE
FERNANDO MONTES DE OCA;CALLE
LOMA VERDE;CALLE
KIEV;CALLE
CADIZ;AVENIDA
ESTEBAN LEAL LOZANO;BOULEVARD
SAN SALVADOR;CALLE
KM4;CALLE
TERCERA ZONA;CALLE
JADE;CALLE
FERTIL;CALLE
JOSE BENITES;AVENIDA
PASEO LAS PIEDRAS;CALLE
EVALGELISTA TORRICELI;CALLE
ZINC;CALLE
DEL URUGUAY;CALLE
PALMA DE BRASIL;CALLE
VALLE JUAREZ;CALLE
PENINSULA;CALLE
PONCIO;CALLE
SERREDO;CALLE
CHARALA;CALLE
1 DE DICIEMBRE;AVENIDA
ALFREDO GONZALEZ;CALLE
TIERRA VISTA;CALLE
CIRCUITO DE LAS QUINTAS;CALLE
CALLE 9;AVENIDA
TULANSINGO;AVENIDA
GENERAL ANAYA;AVENIDA
VALLE DE LOS CALSONTEMOS;CALLE
SANTA ANA;AVENIDA
RIO GUYALETO;AVENIDA
VILLA FRANCIA;CALLE
RAFAEL SANZIO;CALLE
HACIENDA LAS MOLINOS;AVENIDA
GLADIOLA;CALLE
BATALLA DE  IZUCAR;CALLE
LEANDRO VALLE;CALLE
ISLA REVILGEDO;AVENIDA
MANOLO FABREGAS;AVENIDA
QUICHES;CALLE
DURAZNO;CALLE
SOL DE MAYO;CALLE
DEL PROPO;AVENIDA
AGUA CELESTE;CALLE
ESTACIONAMIENTO DE AUTOZONE;CALLE
PIRUL;AVENIDA
HACIENDA CANTERAS;AVENIDA
YUCATAN;AVENIDA
SIERRA DE SANTA GERTUDIS;CALLE
VULCANO;AVENIDA
LEANDRO FLORES;CALLE
ACOLHUA;CALLE
COBALTO;CALLE
PUESTO DEL AIRE;AVENIDA
PINO;CALLE
FRANCISCO URBINA;AVENIDA
SABINO GAMEZ;CALLE
ULISES;CALLE
GAVIOTA;AVENIDA
JAPON;AVENIDA
LAGO LADOGA;AVENIDA
FERNANDO GONZALEZ;AVENIDA
ESTACIONAMIENTO DE DULCERIA DEL CASTILLO;CALLE
SATELITE MURCLUS;CALLE
SAN SEBATIAN;AVENIDA
VALLE DE LOS NARDOS;AVENIDA
PRIV. VALPARAISO;CALLE
MARCO ANTONIO;AVENIDA
BILBOA;AVENIDA
ARGENTINA;AVENIDA
CALLE 6;AVENIDA
CEREZO;AVENIDA
18  DE MARZO;BOULEVARD
LUIS BASURTO;AVENIDA
ENRIQUE I;CALLE
MADRID;CALLE
BAJA CALIFORNIA;CALLE
ALBINO BUENO;CALLE
PASEO CONDE;AVENIDA
JOHN F. KENNEDY;CALLE
30 SDE SEPTIEMBRE;CALLE
PARQUE DE GUADALUP;CALLE
FLORESTA;CALLE
AMERICA;CALLE
LOS INDEPENDIENTES;CALLE
DOCTOR HOSPITAL;CALLE
PROVIDENCIA;CALLE
CERRADA MEXICO BICENTENARIO;BOULEVARD
PRIVADAS MASSAI;CALLE
JARO DE LA PASTORA;CALLE
DELFINES;BOULEVARD
VISTA DEL SOL;AVENIDA
GECODIA;CALLE
PARQUE INDUSTRIAL FINSA;CALLE
AGUA ROJA;CALLE
MANZANOS;AVENIDA
HDA. DE AGUILERA;AVENIDA
ARAUCARIA;AVENIDA
AV. PRIMAVERA;AVENIDA
BLV. JUAN PABLO SEGUNDO;CALLE
RAMIRO GUERRA;CALLE
TOLUCA;CALLE
CIENEGA DE FLORES;CALLE
AV.LOPEZ MATEOS;CALLE
AV. MIXCOAC;CALLE
REJA;CALLE
SAN ANGEL;CALLE
MIGUEL ANGEL BONACCOT;AVENIDA
PRIV. HERMOSILLO;AVENIDA
PROL. RUIZ CORTINES;BOULEVARD
AV. REYNOSA;AVENIDA
CHAMBRE;AVENIDA
ALEJANDRINA;AVENIDA
VILLA VICTORIA;CALLE
CANTORAL;CALLE
JARA;AVENIDA
DEL MOLINO;CALLE
PASEO DAMAS;CALLE
ROBERTO QUINTANILLA;CALLE
FCO. JAVIER MINA;AVENIDA
SANTA ROSALIA;CALLE
TEPENACA;CALLE
TERCERA AVENIDA;CALLE
VALLE DE MARSALA;AVENIDA
DE LINDERO;CALLE
TAPACHULA;CALLE
SALVADOR VILLARREAL;AVENIDA
PUENTE MIGUEL ALEMAN;AVENIDA
VALLE SAGRADO;AVENIDA
CARR. APODACA-JUAREZ;AVENIDA
S.S.P;AVENIDA
ALCOLHUA;BOULEVARD
JARDINES DE CASTILLA;AVENIDA
14 DE ABRIL;AVENIDA
ALBERT EINSTEN;AVENIDA
PIE DE CUESTA;AVENIDA
LINARES;AVENIDA
HACIENDA SAN PEDRO;AVENIDA
GUATEMALA;AVENIDA
JUCHITLAN;AVENIDA
JARDINES DE CADIZ;CALLE
CHEYENNE;CARRETERA
SOCRATES;AVENIDA
PIEDRITAS;AVENIDA
IRIDIO;AVENIDA
JALAPA;CALLE
DE LOS SANTOS;CALLE
VALLES DE GUADALAJARA;AVENIDA
MELCHO OCAMPO;AVENIDA
VALLE CLARO;AVENIDA
2A. AVENIDA;AVENIDA
JOSE OVALLA MORALES;AVENIDA
LINDEROS;AVENIDA
TREBOL;CALLE
RODOLFO GAYTAN;AVENIDA
EMILIO MARTINEZ;CALLE
DIGUE;AVENIDA
CASTILLO;CALLE
PASEO LOS FRESNOS;AVENIDA
NAPOLES;CALLE
LOPEZ PORTILLO;AVENIDA
PERSEVERANCIA;CALLE
CABRESTO;AVENIDA
PEATONAL;CALLE
CLAUDIO;AVENIDA
MONTE ALBAN;AVENIDA
MIGUEL ANGEL ASTURIAS;CALLE
GRANADORA;AVENIDA
JULIAN MARTINEZ;AVENIDA
LOMA AZUL;CALLE
LOBORES VIEJAS;AVENIDA
URUAPAS;CALLE
CERRO DEL OBISPADO;CALLE
ROBLES;CALLE
CERRO DEL FRAILER;AVENIDA
JOSE CAMILO CELA;AVENIDA
RIO RAMOS;AVENIDA
JOSE MA. MORA;AVENIDA
NARCISO;CALLE
PATAGONIA;CALLE
SANTA KARINA;CALLE
PLATA;AVENIDA
BUENA AVENTURA;CALLE
SAN GABRIEL;AVENIDA
PICASTRIA;CALLE
RIO ANA;AVENIDA
BENEMERITO DE AMERICA;AVENIDA
GIBRALTAR;AVENIDA
ESPIRITU SANTO;AVENIDA
RANCHO EL CERRITO;AVENIDA
DE LA AURORA;AVENIDA
J. OTON;CALLE
DE LOS OLIVOS;CARRETERA
JOSE MANUEL;CARRETERA
EL CALLEJON;AVENIDA
MIGUEL AZUA;CALLE
RIO ATOYAC;AVENIDA
LAGUNA MADRE;CALLE
VERDUSCO;CALLE
PRIVADA ENCINO;AVENIDA
PARQUE NEXUS;CALLE
AV CENTRAL;CALLE
14 DE MARZO;CALLE
DE LAS FUENTES;CALLE
JOSE ELEUTERIO;CALLE
LA MERCED;AVENIDA
JUAN JOSE ARREOLA;CALLE
1 AVENIDA;AVENIDA
CERRADA DE ARANDARO;AVENIDA
PUENTE DE GUADALUPE;AVENIDA
ZAPOTLANEJO;BOULEVARD
SALVAT FERRA;AVENIDA
FRAMBOYANES;AVENIDA
VALE DOMEGU;CALLE
HUAJUCO;CALLE
PSICOLOGIA;CALLE
ANTONIO JUAREZ;CALLE
OBELISCO;CALLE
VEREDA DE OLIVO;AVENIDA
LILA;CALLE
AV PRIMAVERA;BOULEVARD
CUERVO;AVENIDA
ZEMPOAYA;AVENIDA
PORFIRIO GONZALEZ;CALLE
SANTA CRISTINA;AVENIDA
COLEGIO;AVENIDA
SAN FRANCISCO;AVENIDA
CAMINO A HUINALA;CALLE
VERANADA;BOULEVARD
BEGONIAS;AVENIDA
PERSEPOLIS;CALLE
TAMAYULA;AVENIDA
JARDINES DE ARAGON;AVENIDA
RENGE DESCARTES;CALLE
SAN ROBERTO;AVENIDA
GARZA;CALLE
MOSTAZA;CALLE
DELTA;AVENIDA
PATICUARO;CALLE
MOISES SAENZ;CALLE
LIVER POOL;CALLE
PIEDRA DE LA CUESTA;CALLE
GUACHE;CALLE
CALLEJON DE LOS RIOS;CALLE
ENCARNACION ESPINOZA;CALLE
SANJA;AVENIDA
PASEO DE LOS FRENOS;CALLE
SALVA TIERRA;AVENIDA
TULUM;AVENIDA
DE LA VEREDA;CALLE
SOLIDARIDA;CALLE
VISTA RICA;AVENIDA
VELLE FERTIL;CALLE
PRIV. TROQUELES;CALLE
VISTA GRACIOSA;AVENIDA
VALLES DEL INDIO;CALLE
LOMAS DEL BOSQUE;CALLE
HOMERO;AVENIDA
CALLE 19;AVENIDA
VISTA FRIA;AVENIDA
APOCADA;CARRETERA
BILBAO;CALLE
UBALDO ELIZONDO;AVENIDA
LA RIVIERA;CALLE
VALLE DEL CHANT;AVENIDA
PRIVADA TREVOLES;CALLE
LA ZANJA;AVENIDA
QUICHE;AVENIDA
AUTILLO;CALLE
VALLE DE ALLENDE;CARRETERA
ADAN LOPEZ;CALLE
JESUS GOMEZ;AVENIDA
CARLO MAGNO;AVENIDA
PRIV. CEDRO;CALLE
RIO TUXPAN;AVENIDA
EL ZARAPE;AVENIDA
CONQUISTADORES;AVENIDA
VALLE 3 MARIAS;AVENIDA
CORTEZA;CALLE
ALBACETE;CALLE
ALAMOS;CALLE
ALCOHLUA;AVENIDA
DURAZNOS;AVENIDA
RINCON LERMA;CALLE
EINSTEIN;AVENIDA
DE LA VENTOLERA;AVENIDA
FRANCISCO CARDENAS;CALLE
CARLOS MAGNO;AVENIDA
CAMINO A SAN ROQUE;AVENIDA
EL CORRAL;CALLE
PROF. MARIANA GARZA;AVENIDA
BENEMENTO  AMENCA;AVENIDA
ABRAHAM LINCON;AVENIDA
BRISTOL;CALLE
ALBINO ESPINOZA;AVENIDA
SIGLO XVIII;AVENIDA
GAVILLERO;AVENIDA
COLINA;AVENIDA
CALLE 8;CALLE
LAGOS DE MORENO;AVENIDA
DOCTOR GONZALEZ;BOULEVARD
JALISCO;CALLE
FRANCISCO DE MIRANDA;CALLE
FUNDICIONES;AVENIDA
EL LIENZO;AVENIDA
JARDINES DE LAS ABELIAS;AVENIDA
DE LOS ROMEROS;CALLE
SA GREGORIO;AVENIDA
CALLE 3A.;CALLE
RIO PANAMA;CALLE
LA MERCEDES;CALLE
BASURTO;AVENIDA
GRECO;CALLE
RAFAELA PADILLA;AVENIDA
DELINDERO;CALLE
21 DE MAYO;CALLE
JACINTO BENABENTE;CALLE
LAGO SERADOLI;AVENIDA
ESTIGMA;AVENIDA
ANTONIO PLATA;AVENIDA
PASEO DE LOS CASARES;AVENIDA
URUGUAY;AVENIDA
GOLONDRINAS;CALLE
ARTICULO 123;AVENIDA
VISTA JARDINES;CALLE
SANTA RITA;CALLE
CARRILLO;CALLE
SIERRA DEL MIRADOR;AVENIDA
ZAGA;CALLE
LAGUNA;AVENIDA
RUBI;AVENIDA
EUSEBIO GUAJARDO;CALLE
DUELO SALINAS;CALLE
FLOR DE BELEN;AVENIDA
JIMENEZ DE TEUL;AVENIDA
ANILLO METROPOLITANO;CALLE
IGNACIO DE LA ROJA;AVENIDA
JOSE G. GARCIA;CALLE
CD. GUZMAN;AVENIDA
REBOZO;AVENIDA
EMA GODOY;AVENIDA
VALLE LAS FLORES;CALLE
GREGORIO XVI;AVENIDA
PIEDRA LUMBRE;CALLE
SATELITE MORELOS;AVENIDA
TIBERIO;AVENIDA
RINCON DEL CRATER;CALLE
MULTIPLAZA;CALLE
YLSA;AVENIDA
LOS RIELES;CALLE
ALORA;AVENIDA
TROQUELES;AVENIDA
RENE ALVAREZ;BOULEVARD
ROSA CASTILLA;CALLE
CABO;CALLE
PERLA;AVENIDA
MATA ROMERO;CALLE
CAMINO A LA SIERRA;CALLE
JUAREZ BLANCA;AVENIDA
LOMA ESCONDIDA;AVENIDA
HUMBERTO LOBO;AVENIDA
21 DE MARZO;AVENIDA
AMATISTA;AVENIDA
SERENA;AVENIDA
TRANSPORTE MARITIMO;CALLE
PRIV. DEL RASTRO;AVENIDA
LACARANDA;AVENIDA
9 DE OCTUBRE;AVENIDA
LA UNICA;AVENIDA
LILIA E VILLANUEVA;AVENIDA
CHAPARRAL;AVENIDA
CALCOPIRITA;AVENIDA
CLAUDIA;AVENIDA
APACHE;AVENIDA
ROBLES DE SANTA MARIA;CALLE
VEINTIUNO DE JULIO;AVENIDA
SAN AGUSTIN;AVENIDA
JARDINES DE LA VICTORIA;AVENIDA
CROC;AVENIDA
CERRADAS MEXICO DEL VIRRE;AVENIDA
VEREDA TAMARINDO;AVENIDA
NUEVO LOEN;AVENIDA
PRADERAS DEL ORIENTE;AVENIDA
GRAJITAS DE LA SILLA;AVENIDA
VALLE DE GUADALUPE;CALLE
VALLE DE SAN ANDRES;AVENIDA
PUERTA DEL SOL;AVENIDA
JARDINES DE LINDA VISRA;AVENIDA
GUADALUPE HERNANDEZ;AVENIDA
HACIENDA DE LOS RIOS;AVENIDA
OJUELOS;AVENIDA
NO DATO;CALLE
CD. MARGARITA;AVENIDA
C.N.O.P;AVENIDA
PASEO;AVENIDA
KILOMETRO 10, CASETA DE COBRO;BOULEVARD
MICA;AVENIDA
MEXICA;AVENIDA
